T1 in Sek,I f1
0.849,0.0000199
0.85,0.0000209
0.851,0.0000219
0.846,0.0000169