T1 in Sek,I f1
0.849,0.0035800
0.85,0.0035790
0.851,0.0035780
0.846,0.0035830
