T2 in Sek,I F2
1.002,0.0001849
1.063,0.0002583
1.047,0.0002386
1.057,0.0002509