T2 in Sek,I F2
1.002,0.003415
1.063,0.0033416
1.047,0.0033613
1.057,0.003349
